,num,name,blog or review,visitor review,label,new_label
518,59.0,배곧 투파인드피터 배곧점,방문자 리뷰,전복 크림 파스타는 같이 주신 소스 찍어 먹었는데 참 맛있었고 봉골 레도 짠 듯 했지만 크림 파스타의 느끼함을 잘 잡아줬어요  다만 해감 이 잘 안 되어 몇 번을 뱉어냈네요  컵에도 이물질이 묻어 있어서 좀 맛있고 가성비도 괜찮아서 상대적으로 단점이 더 아쉽게 다가 왔어 요 맛도 좋고 가성비 있어서 단점이 아쉽게 느껴졌어요 ,2,2
549,90.0,배곧 투파인드피터 배곧점,방문자 리뷰,필라프 추가 주문했더니 밥이 없어서 안 된다고 하여 목살르테이크로 변경해달라고 함  그랬더니 요번엔 바뻐서 안 된다고 함  이럴 꺼면 주문 처음부터 안 된다고 말을 하던 가 브레이크 타임을 가지던가 ,2,2
652,194.0,배곧 투파인드피터 배곧점,방문자 리뷰,서빙 직원 음식을 반쯤 먹었을 때쯤 소스를 가져다 주더니 죄송하단 말 한마디 없이 여기에 나오는 소스인데 먹으라고 불친절 서비스 마인드 없음 ,2,2
670,213.0,배곧 투파인드피터 배곧점,방문자 리뷰,평점이 좋아서 한 1년 전에 방문 했었는데 직원 응대 태도 때문이 정 떨어져서 안 가기로 다짐했어요  반면에 음식은 너무 잘 합니다  그래서 배달시켜 먹습니다  어젠 오랜만에 매장으로 먹으러 갔습니다  직원은 모두 바뀌었지만 서비스제로 응대는 여전하더군 요 이 영수증 리뷰 1점대 사람들이 적어 놓은 것처럼 식전빵 누군주고 누군 안주고 저기요 하면 눈도 안마주치고 그냥 자기 갈 길 가면 서 잠시만요 한 ,2,2
726,269.0,배곧 투파인드피터 배곧점,방문자 리뷰,리뷰 잘 안 쓰는데 굳이 영수증까지 받아와서 작성합니다  스테이크 질 기고 나이프도 잘 안 들어서 먹기 힘들어요  음식 맛을 떠나서 서비스도 별로에요 서빙해주시는 분이 테이블에 접시를 툭하고 두고 여기요라고 하시던데 직원분 교육이 필요한 거 같습니더 ,2,2
1078,621.0,배곧 투파인드피터 배곧점,방문자 리뷰,평일 점심 때가서 그런지 알바생들 교육도 안 한 듯 테이블에 음식을 던져놓고 가는 느낌 기본이 안 되어 있었고 음식도 생각했던 것보다 별로 다신 안 갈 듯합니다 ,2,2
1268,815.0,배곧 투파인드피터 배곧점,방문자 리뷰,마인드가 별로 ,2,2
1357,904.0,배곧 투파인드피터 배곧점,방문자 리뷰,우울한 일요일 기분 좋은 음식을 먹었습니다 ,0,2
1416,44.0,배곧 소쇄원 배곧본점,방문자 리뷰,맛집이라고 해서 갔는데 고기 너무 질기고 직원들은 불친절하고 두 번 다시는 가고 싶지 않습니다  05점도 아깝습니다 ,2,2
1491,120.0,배곧 소쇄원 배곧본점,방문자 리뷰,나 이런 음식점 간 적 없는데 누가 내 아이디 해킹해서 별점 5개 후기 남겨놨더라  여기 불법 리뷰 알바 쓰는 듯 미친 거 아닌가 ,2,2
1498,128.0,배곧 소쇄원 배곧본점,방문자 리뷰,등심엑스 불친절 돈 아까움 ,2,2
1523,154.0,배곧 소쇄원 배곧본점,방문자 리뷰,음식 맛은 나쁘지 않은데 야외 데크에서 고기 궈 먹으면 연기 많이 난다고 말려야죠 손님이 몰라서 앉은 거 같으면 연기 나서 힘들다고 하면서 환풍기 있는 실 내로 안내하는 배려가 있어야지요  그리고 중간에라도 연기 많이 나서 힘들다고 하는데도 나 몰라라 하고 고기 추 가로 6만원 더 시키는 데 자리를 옮겨주시 던지 해야지 같이 갔던 친구들이 연기 잔뜩 마시고 서비스 도 별루라고 이 돈 주고 다시는 ,2,2
1528,159.0,배곧 소쇄원 배곧본점,방문자 리뷰,먼저 불판에 올린 고기 아래에 숨겨둔 지방 덩어리 삼겹살 불판 닦는 고기를 통 삽겹이라고 주 다니요 주인 아조씨 불러서 이 거 삼 겹살 아니라 지방 덩어리라서 바꿔주시면 안 되냐고 물었더니 삼겹살 자르는 방법이 달라서 그럴 뿐 이것도 삼겹살이 다 이 거 삼겹 살 맞다 라고 세 번은 얘기하시길래 아 절대로 바꿔 줄 생각이 없으시구나  싸우기도 싫고 피해자를 줄이고자 리뷰 를 쓰기로 마 ,2,2
1541,173.0,배곧 소쇄원 배곧본점,방문자 리뷰,음식에서 머리카락이랑 철수 세미가 나왔네요 ,2,2
1621,47.0,배곧 정동진,방문자 리뷰,칼국수에서 머리카락 같은 게 발견되었습니다  한두 가닥이면 빼고 먹으려고 했는데 뒤적거릴수록 더 많이 나와서 직원분께 말씀을 드 렸습니다  직원분 말씀으로는 키조개에 섬유 같은 것들이 나온 거라로 하시더라고요 키조개 직접 가지고 오셔서 설명해주신 건 감사해 요 다른 사람들 음식에서는 안 나온다고 하시는데 저희 꺼에서만 유독 많이 나온 이유는 손질이 안 되서였을까요 머리카 락이 저 ,2,2
1632,59.0,배곧 정동진,방문자 리뷰,부모의 원수에게도 추천하지 않을 음식점 1 나오는 시간 실크로드 낙타 세팅 최소 30분 이상 2 회가 푸석푸석 하게 생겼길래 긍정회로 돌리면서 숙성회 겠지 했는데 최소 2일 이상 밖에 있던 회이 거 같음  제가 횟집 운영해봤어서 암 3 직원 불친절 1미터 거리에서 불러도 못 들은 척함 4 테이블 의 자 개더러움  5 맛탕 물 콜라 사이다는 맛있음  맛집 ,2,2
1633,60.0,배곧 정동진,방문자 리뷰,진짜 별로 회가 푸석하고 일단 음식 나오는데 한 시간 걸림  횟집에서 그렇게 맛 없는 비린 회 먹는 거 처음이구요  칼국수는 그냥 밀가루 맛만 나 요 라면 도 집에서 그냥 진짬뽕 드시는 게 나아요  여기 스끼로 나오는 맛탕만 맛집입니다 ,2,2
1658,85.0,배곧 정동진,방문자 리뷰,진짜 별로에요 맛도 별로 고 2층에서 먹었는데 나이 있으신 남자 직원분이 정말 최악입니다  다 시 오고 싶지 않아 요 티비에 나오길래 가봤 는데 괜히 갔어요  친구가 화장실 가서 기다리는 동안 테이블 위에 리뷰 이벤트 안내판 보고 있는데 뭐 가져가신다는 말도 없이 갑자기 획 가져가 버리시더라고요 거기서부터 당황스러웠지만 계속 먹는 내내 양해 나 안 내 말 없이 저희 테이블 밑에 쓰레기통을 식 사하는 ,2,2
1677,104.0,배곧 정동진,방문자 리뷰,왜 평점이 좋은 지 의문이 들만큼 최악이었습니다  기분 좋게 여행 가서 기분만 나빠졌네요  평점 낮은 순으로 보고 갔어야 됐는데 낮은 순에 있는 말대로 손님이 오면 주문을 안 받고 무슨 주문을 하면 기본 20분 이상은 계속 걸렸던 거 같아 요 직원 한 분 빼고는 진짜 왜 계시는 지 모를 정도로 손님 응대가 진짜 별로였고요 차라리 그렇게 하실 거면 셀프라고 적으시는 게 나을 것 같아요  저만 기분나 쁜 ,2,2
1721,148.0,배곧 정동진,방문자 리뷰,주차를 하려는 데 차 옆에 와서 창문을 쾅쾅 두들기셔서 제가 위험하게 뭐 하시는 거냐고 얘기를 하니까 화를 애시면서 그게 뭐 어 때서 요라 하시며 욕을 하시네요  여행 왔는데 기분 상하고 밥도 못 먹고 매장에 전화해서 예약하려니까 바쁘니까 어플로 네이버로 예약하세요 하고 뚝 끊으시네요 ,2,2
1791,221.0,배곧 정동진,방문자 리뷰,진짜 먹던 희 집중에 최악이었어요  조개도 맛 없어 구 파 전도 딱딱해요  희도 별로였어요  그러구 중국 아주마 불친절 ,2,2
1914,345.0,배곧 정동진,방문자 리뷰,기안 84도 다녀오고 생생 정보통에도 나와서 기대하고 갔는데 맛은 쏘쏘 하지만 손님 들어 게 나 간 물통의 남은 물끼리 담아 다시 나가는 걸 보고 경악 코로나 시대에 조심해야 하는 거 아닌지 손님이 정수기 옆에 있음에도 4번 이상을 그렇게 진행하는 거 보고 밥맛 떨어짐 ,2,2
1921,353.0,배곧 정동진,방문자 리뷰,영수증 인식은 파티룸 서비스업으로 등록되어 있네요  일반음식점은 다른 주소라 직접 찾아서 등록했어요  뭐죠 불법인가요 나 혼산에서 나왔다고 해서 기대했는데 라면 꼬들 요청했지만 불어서 나왔고 해물은 많지만 해물 맛은 안 나고 그냥 라면 맛이에요  파전은 그래도 괜찮았어요 ,2,2
1984,417.0,배곧 정동진,방문자 리뷰,파전 이렇게 맛는 집 처음 바삭한 데 오래된 맛 기름쩐 맛 칼국수 쏘쏘 맛과 퀄리티에 비해 영다신 안 갈 듯 기 84땜에 방송빨 넘 타는 듯 ,2,2
2079,512.0,배곧 정동진,방문자 리뷰,서비스 너무 별로 알바 아줌마 많이 바빠서 뭐든 늦게 나옴 ,2,2
2099,532.0,배곧 정동진,방문자 리뷰,킹크랩 먹을려고 왔는데 가격 저렴하게 해주신 다 하혀서 믿고 먹었는데 22만원이 나왔네요  다른 가게 집 비교하면서 1에 다른 가게 는 1314만원이라면서 비교하고 저렴하게 해주신 다하시지 않았냐 물어보니깐 뻔뻔하게 스끼 다시 잘해주지 않았냐 이 러시는데 다른 가 게도 다 기본으로 나오지 않나요 돈을 떠나서 다 먹고 계산대에서 뻔뻔하게 이 러시는 게 어이없네요  다른 손님들은 밖에서 기다 ,2,2
2176,609.0,배곧 정동진,방문자 리뷰,이런 말 하기도 싫은 데 05점도 아깝네요  맛도 그저 그랬고 다신 안 갈 거 같네요  리뷰 작성해서 이런 말 하기 그렇지만 해야 할 것 같 아서 남겨요  조개구이 먹는데 석화를 호일에 감싸서 직원이 불판에 올렸습니다  오래 구우면 터진다고 미리 조심해라 말도 안 해주고 올 려서 결국 석화가 터져서 얼굴이랑 옷 핸드폰에 다 튀었습니다  턱에 상처도 났는데 직원이랑 사장 태도는 니가 조심했어야지 라 ,2,2
2193,626.0,배곧 정동진,방문자 리뷰,돈이 아까워 요 조개가 너무 비리고 짜요 세척을 어떻게 하는 건지 너무너무 짜서 바닷물 비릿 내가 나 고 석화는 생물이 아닌 건지 왜 살이 다 으스러지나요  탱글한 느낌이 하나 없이 으스러지고 비릿한 냄새 석화도 다 버림  담배 피러 가는 사람들이 문을 안 닫고 가서 문 앞에 앉은 남학생이 계속 문 닫고 매너가 없는 사람들 문을 안 닫고 다녀서 찬바람 쌩쌩 조선족 말투의 아줌마한테 춥 다 말하니 자기는 ,2,2
2196,629.0,배곧 정동진,방문자 리뷰,최악입니다  밥 먹으러 들어가서 1시간 가량을 기다리고 벨을 5번 넘게 눌러도 연속이 아니고 충분히 기다리고 누름 응대도 답변도 없고 코스를 먹었는데도 이런 응대면 두 번 다신안 옵니다 대게 수율도 엄청 안 좋고 칼국수에 실이 나오네요 위생상태도 안 좋고 서비스도 안 좋고 대체 여기를 왜 온 건지 모르겠네요  입구에서는 엄청 꼬시시면서 왜 들어가면 두 얼굴이신가요 ,2,2
2205,638.0,배곧 정동진,방문자 리뷰,수저가 설거지가 덜 돼서 더러웠어요  위생에 예민하신 분들은 안 가는 거 추천 양은 많아요 ,2,2
2208,642.0,배곧 정동진,방문자 리뷰,조개는 나쁘지 않은데 정말 직원 분들 너무 불친절합니다  불이 정말 약해서 시 세 명이 서 먹는데 잘 못 먹어서 불 하나 넣어달라고 하니 두 분이 서 갑자기 불을 가지고 오니 저보고 판을 들어 달라고 하질 않나 두 분이 서 오셨으면 한 분은 불을 넣고 한 분은 판을 들어주셔야 죠 제가 들고 있는 와중에 그 조개구이 껍데기가 치마에 튀어서 치마에 구멍 났습니다  근데 그 말도 무시하 시더군 요 이 규모 ,2,2
2233,667.0,배곧 정동진,방문자 리뷰,맛은 있는데 완전 불친절함 17일 일요일 2층 홀 하얀색 옷 입은 점원분 말하는 게 가관 임  조개에 뻘 나와서 얘기하니 우리가 일일이 다 확인할 수는 없잖아요 ,2,2
2238,672.0,배곧 정동진,방문자 리뷰,맛있는데 사람이 많아서 음식이 오래 걸려요 ,0,2
2245,679.0,배곧 정동진,방문자 리뷰,바지락 칼국수 2개랑 콘치즈 시켰었는데 바지락은 원래 그런지 모르겠는데 모래가 있는 식감이 있었구요  콘치즈는 안 나오길래 언제 나오냐고 3번 정도 여쭤봤었어요  결국 칼국수 다 먹어서도 나오지도 않았어요  보리밥도 혹시 시켜야 나오는 거냐고 여쭤보니까 한참 뒤 에 보리밥 1개를 반 반으로 나눠서 주더라고요 이 때 이 따가 보리밥 완성되면 더 주신다고 하셨는데 칼국수까 지 다 먹어서 2명이 ,2,2
2260,694.0,배곧 정동진,방문자 리뷰,해물도 홍합만 가득 라면은 다 불어 터지고 위생 최악이예요 ,2,2
2391,825.0,배곧 정동진,방문자 리뷰,해물파전하고 해물 라면 먹었는데 파전에 어제 꺼 같고 홍합 때문에 텁텁하고 돈이 아깝다 해물 라면은 모자란 맛 옆에서 파전시켰는데 으 말리고 싶다 ,2,2
2403,837.0,배곧 정동진,방문자 리뷰,라면을 시켰는데 해물탕이 나오네요 ,0,2
2419,853.0,배곧 정동진,방문자 리뷰,티비를 보고 다녀왔는데 흠 우선 해물 라면 2인 해물 파전을 시켰습니다  근데 해물 라면에서 영수증이 쓰레기가 나왔어요  이거 보고 다시 바꿔주긴 했는데 바꿔 나온 해물 라면은 낙지도 발 두 갠가 세 개 붙어 있는 게 나오고 원래 다시 나올 땐 안 좋은 재료를 쓰나 봐요 그 거 본 순간 그냥 다 환불하고 나오고 싶었어요  사진을 안 찍어 놓은 게 후회가 되네요 ,2,2
2512,948.0,배곧 정동진,방문자 리뷰,음식 가지고 장난치네요 파전은 생긴 거는 맛있어 보이는데 야채 튀김 먹는 거 같고 해물은 있지도 않고 맛 없어서 남겼어요  칼국수는 그냥 그냥 평 좋아서 갔는데 알바썼나 실망 ,2,2
2536,972.0,배곧 정동진,방문자 리뷰,아 진짜 음식 맛도 별로 고 무슨 맛인지도 머르겠고 서비스도 꽝 다신안옴 ,2,2
2602,1039.0,배곧 정동진,방문자 리뷰,해물파전 먹을 만 함 물회는 별로 조개구이 땜에 문을 다 열어놓고 에어컨과 선풍기를 돌리니 쪄 죽겠음  저녁에 해 떨어지면 괜찮음 ,1,2
2885,1324.0,배곧 정동진,방문자 리뷰,리필되는 조개 종류는 2개 지 뿐이고 예약하고 왔는데 사장이란 사람은 예약되 있는지도 머른다 하고 직원도 나 몰라라 하다가 나중되서야 음료수 두 개 주고 잘못 툭쳐서 물 쏟았으면서 닦을 생각도 없고 죄송하다도 없고 기본적인 게 안 되있는 거 같습니다  다신 안 가기로 맘 먹고 거르게 된 계기 실수하거나 안 되는 게 있으면 미안하다 말 한마디라도 합시 다 진짜 별로 ,2,2
3058,1497.0,배곧 정동진,방문자 리뷰,흐음 동 동주랑 보리밥 서비스인 줄도 모르고 막걸리를 시켜 먹었어요  그리고 너무 아쉬웠던 점 서비스가 생각보다 너무 별로였어요  리필 해달라고 했는데 너무 느리고 추가 주문도 느리고 직원 분들이 느리신 게 아니라 손님에 비해 직원이 너무 부족해 보였습니다  재 방문과 연 할까요 옆에 테이불에선 칼국수 안나온다고 화 내시고 그 뒤 테이블은 뭐 새우취 김안 나왔다 1층 내려가서 싸운다 ,2,2
3077,1516.0,배곧 정동진,방문자 리뷰,회 새우 칼국수 세트에 해물 파전 먹었습니다  맛은 무난합니다  앞접시 상태 불량해 서빙하시는 분이 한 분이라서 제가 직접 바꾸러 갔 습니다  이번엔 시킨 맥주가 하도 오지 않아 제가 또 가지러 갔습니다  이 때까지 서빙하는 분이 한 분이라 그럴 수 있다 생각했습니다  그 런데 아이 먹일려고 칼국수 싱 겁게 해달라고 말했더니 어른이 먹어도 매운맛 다시 해주고 사이다 서비스로 주 셨지만 화가 나더 ,2,2
3082,1521.0,배곧 정동진,방문자 리뷰,네이버 메뉴판과 달리 가면 해물 칼국수 12000원이에 요 쫌 그러네요  뭐가 잘못된 건지 조개구이 연기 안 빠져서 화생방인 줄 ,2,2
3150,1589.0,배곧 정동진,방문자 리뷰,조개는 정말 신 선하고 좋은데 알바생이나 이 모나 저기 요 부르면 오지도 않고 멀리서 주문 듣고 한 번은 남자 알바생 보고도 안옴  쌩깜 ,2,2
3232,1671.0,배곧 정동진,방문자 리뷰,칼국수랑 조개구이는 진짜 맛있었음  해물라면은 비추 진짜 맛없음  완전 밍밍하고 안에 들어가는 콩나물도 그냥 생콩나물 먹는 맛이여서 맛이 상하다고 빼달라고 했는데 갑자기 사장님이 신지 여자분이 와서 말씀하시는데 너무 불친절했음  밥 맛 뚝 떨어짐 ,2,2
3251,1690.0,배곧 정동진,방문자 리뷰,예약이 되는 것과 안내문자는 좋았습니다  수많은 칭찬리뷰에 기 대치가 높았나 봅니다 첫 대면인 숟가락 젓가락 설거지 상태가 영 아니었습 니다 깨끗하지가 않아서 몇 번을 고르고 골라 사용했고 칼국수와 파전을 시켰는데 칼국수는 그럭저럭 괜찮았는데 파전은 그냥 밀가루 전 이라 부르는 게 더 어울리는 듯합니다  파전한 판에 울 아이 말로 작은 해물 4개 찾았다고 거의 찾아볼 수 없었습니다  돈 주기 아까울정 도 ,2,2
4019,49.0,배곧 등대횟집,방문자 리뷰,진짜 불친절의 그 자체 주차 안내해주는 분 빼고는 진짜 다 불친절 맛은 조개구이 다 비슷하잖아요 반찬도 완전 ,2,2
4021,51.0,배곧 등대횟집,방문자 리뷰,1인에 3만원 무한리필 조개 혼자 서빙하시고 준비하셔서 바쁘셔서 정신 없는 건 이 해 하지만 너무 그러셔서 기분 안 좋게 돈버림 ,2,2
4026,56.0,배곧 등대횟집,방문자 리뷰,서빙하시는 분들 일 하기 싫으신 거 같아 요 눈치주시고 들어도 못 들은 척 앞에 호객행위하시는 분만 살갑습 다 다시는 안 가요 6 마넌이라는 돈이 아깝습니다 ,2,2
4058,88.0,배곧 등대횟집,방문자 리뷰,맛있다는 사람들 대체 혓 바닥이 어 케 댄 건지 전혀 모르겟음 물론 오이도니까 횟값 후려치는 건 백 번 이해하지만 반찬 죄다 어 제 담아 논거깉 구 매운탕은 바닷물 맛임  후려칠 거 알고 들어와서 먹엇는데 당황스럽 넹 주인이 이런 거도 돈 내고 지우나 여 공기 밥 매운탕에 같이 나온다는 줄 알고 반만 달라고 햇다가 그런 게 어 딧냐고 혼꾸녕 남 ,2,2
4079,109.0,배곧 등대횟집,방문자 리뷰,너무 불친절 헤요 코스요리 시켰는데 처음부터 어려 보여서 무시하는 거 같았는데 리뷰에 친절하다 해서 갔는데 코스 시켰는데 아얘 방 치형 식당이네요  이십 대 여자면 걍 무시함 필요한 거 말해도 다른 손님들 때문에 바쁘다 말히 고 휴지 달라 해도 안주고 조개구이 당연 굽죠 그냥 언 제 먹는 게 좋냐 말해도 무시히고 걍 구울 줄 모르면 시키지 말래 요 참았는데 화장실 갔는데 안 에 칸이 안 잠겨서 밖에 ,2,2
4164,194.0,배곧 등대횟집,방문자 리뷰,리뷰 개사기 양개 작고 맛 진짜 없음 이 금액으로 다른 곳 가서 더 맛있게 먹었겠다 리뷰 보고 왔는데 광고인 듯 돈만 쓰고 기분만 안 좋아짐요 다른 곳 가셈 ,2,2
4179,209.0,배곧 등대횟집,방문자 리뷰,조개구이 4인 세트 주문했는데 조개 기본새우한 접시 양 적습니다  칼국수에 15만원입니다  양이 적 고 너무 비쌉니다  중간에 낙지랑 해물 라면 주문했는데 낙지는 비싸도 괜찮았습니다  해물 라면 완전 맹탕입니다  칼국수도 깊은 맛 없습니다  리뷰 보고 찾아 간 건데 암튼 조개구이 드시려면 세트 비추 너무 비싸요 그냥 단독 주문해서 조개구이 리필 해가면서 드세요 절대 리뷰 보고 선 택하면 안 될 것 ,2,2
4263,293.0,배곧 등대횟집,방문자 리뷰,후일 단 제가 먹어 본 참돔 중에서는 단 연 최악이었어요  직원분은 너무 친절하셔서 참돔 맛이 이 상하다니깐 좀 전에 떠놓은 민어 라고 갖다 주셔서 그거 먹었는데 그건 좀 더 나아도 맛 없어서 다 남기고 왔네요  용서가 전혀 안 되는 맛이에요  그래도 매운탕이라도 먹 음  배는 채우겠구나 했는데 진짜 살면서 이렇게 비린 매운탕 처음이에 요 한 입뜨고 정신이 번쩍 들어서 그대로 밖에 나 ,2,2
4501,31.0,배곧 구십도씨,방문자 리뷰,배달로만 먹어보고 첫 방문이었는데 사장님이 신지 모르겠지만 계산하고 제가 카드 받으려고 하는데도 바닥에 탁 내려놓으시고 카드엔 물이 잔뜩 묻어 있어서 제가 닦았구요  음료만 두잔 시켰는데 20분이 되도록 안 나오더라고요 저희 앞에는 대기 손님이 없었거든요  배 달이 많은 건 이해를 합니다  근데 사람이 양해를 구해서 상황을 알고 기다리는 거랑 안내 없이 하염없이 기다리는 것 과는 엄청 다르 ,2,2
4569,99.0,배곧 구십도씨,방문자 리뷰,사진에 있던 아이스크림과 브라운 치즈는 포장하면 없습니다  전화했더니 사진과 다른다고 써 있다 하셨는데 네이버 포장에 그런 멘트는 못 찾았네요  코로나 시기에 지금 포장만 가능한데 이건 좀 속은 느낌이 듭니다 사진은 포장용 실물로 다시 바꾸시는 게 다른 손님들에게도 불만을 안 사실 것 같네요  맛은 먹을 만 했어요 ,2,2
4692,82.0,배곧 엣홈파스타,방문자 리뷰,뇨끼 라자냐 맛있었고 파스타도 괜찮은 편이었는데 사실 인테리어 분위기가 조금 아쉬웠어요  프라이빗하게 식사 가능한 것 치고 가격대는 저렴한 거 같구요  음식 맛이 없다고 한 것도 아니고 솔직한 리뷰 쓰고 별 네 개 평점 올렸더니 개인 핸드폰으로 문자를 보내시네요  기분 나빠서 별점 다 뺍니다 ,2,2
5008,80.0,배곧 세유카츠,방문자 리뷰,안 좋은 댓글은 다 지우시나 봐요 좋은 말밖에 없네요  어이없게도 안심 돈까스 만 삼천원짜리 시켰는데요  엄지손가락만한 덩어리 10 개정도 나왔네요  진심 간에 기 별도 안 가요 여자분이든 남자분이든 한입에 쏙 들어가는 소박한 크기 맛은 그렇다 쳐도 양이 심  각하게 창렬이네요 다신안와 ,2,2
5984,1059.0,배곧 세유카츠,방문자 리뷰,맛은 있으나 매장도 큰 편이 아닌데 직원분들이 너무 부산스러워요 그리고 테이블마다 비치한 소스통들은 깨끗한 편이 아니라 비위상했어요 ,2,2
6162,1238.0,배곧 세유카츠,방문자 리뷰,음식은 뭐 소소 하구요  반찬 좀 더 시켯더니 직원이 불친절한 게 음식 다 먹고 체할 뻔 했네요 ,2,2
6731,131.0,배곧 모미지,방문자 리뷰,모미지에서 먹다가 활어회 못 먹겠어요  어떻게 어떻게 숙성 회 먹다가 활어회 못 먹겠다더니 그 말 이젠 무슨 말인지 알아버렸어  여 언제나 기 대가 되는 저녁 이 됩니다 고마워요 ,0,2
6973,33.0,배곧 윌로우 우드,방문자 리뷰,일단 찾아가는 길이 너무 복잡하다 음료는 밍밍 하고 맛이 없다 컵에 작은 얼음 하나 넣어줬는데 미지근한 라떼 티라미수는 아래 빵 부분에서 오래된 냉장고 냄새가 나서 먹기 힘들었다  그렇다고 크림이 맛있지도 않았다 저렴한 생크림 맛이라 느끼하고 카카오가 루맛 만으로 덮은 느낌 또 의자는 세상 불편 그나마 편한 의 자 앉으니 사람도 많이 없었는데 단체석이라고 앉지 말 라더니 3명 ,2,2
7035,95.0,배곧 윌로우 우드,방문자 리뷰,별점을 깎으면 손님이 덜 오려나요 나만 오고 싶은디 ,0,2
7472,296.0,배곧 판다소바,방문자 리뷰,대박 이런 맛 처음 먹어봐요 특이하고 짱 맛있네  원래 리뷰 같은 거 몇 개 안 썼는데 진짜 괜찮네요 ,0,2
7490,14.0,배곧 선식당 시흥배곧점,방문자 리뷰,맛없어요  돈아까워요 볶음밥은 재료는 안 들어가고 밥만 가득 밥을 잘 볶기는 했오 요 봉골 레는 바지락은 해감을 덜해서 모래가 씹혀 요 맛이 잘 안 느껴지는 싱 겁고 맛없고 이 솜씨로 음식점을 차린 용기에 박수를 쳐드립니다 ,2,2
7698,157.0,배곧 별미지교 시흥점,방문자 리뷰,가면 갈수록 식상해요 ,2,2
7701,160.0,배곧 별미지교 시흥점,방문자 리뷰,먹을 만한 음식이 별로 없어요 ,2,2
7714,9.0,배곧 우마카,방문자 리뷰,알바 응대 최악이었습니다  어린 아기들이 있어 방문 전 전화했는데 전화 받은 여자 알바가 말투부터 올 거면 오고 말 거면 말란 식으로 받더군 요 당일 예약 안 된다기에 도착해서 자리 있는지 다시 전화 했더니다른 남자 직원분이 자리에 세팅까지 미리 해주시겠다 하셔서 잠든 아기 안 고 올라갔습니다  저희가 앉은 좌석이 에어컨 바로 앞 좌석이었는데 저와 34개월 아들 뒷목으로 찬 바람이 바로 나 ,2,2
7790,28.0,배곧 뜰애 배곧점,방문자 리뷰,별로예요 ,2,2
7879,119.0,배곧 뜰애 배곧점,방문자 리뷰,1 맛 없음  짜기만 하며 특별한 맛이 없음  2 위생상태 많이 안 좋음  수저 및 젓가락이 기름 짐 물수건이 개별 포장 되어 있지 않아 기름 짐 3 어수선하고 정신없음 ,2,2
8013,123.0,배곧 우정횟집,방문자 리뷰,바지락 칼국수 절대 못 먹음  해감 하나도 안 함 진짜 돈 버리고 싶으면 드시길 걍 사진 보고 판단하는 게 빠르겠네요 ,2,2
8023,133.0,배곧 우정횟집,방문자 리뷰,조개찜 정말 맛도 없고 그리고 이물질이 있어 도저히 못 먹고 일 하시는 분께 버리라고 드렸어요  1차로 주방에서 쪄와서 식탁 옆에 놓고 시간 되면 데워 먹으라고 줍니다  아무 맛이 없어요  짜기라도 해야 죠 그것도 그렇지만 이물질 있어 못 먹겠더라고요 ,2,2
8046,157.0,배곧 우정횟집,방문자 리뷰,반찬 별로 직원 아줌마 빈 그릇만 찾아다니면서 치우느라 정신 없음  음식이 코로 들어가는지 입으로 들어가는지 모르겠음  제 발 다 먹 고 치워 주시길 ,2,2
8064,175.0,배곧 우정횟집,방문자 리뷰,05점도 아까 움 서비스 불친절 테이블마다 수저가 안 채워져 있어서 외국인 손님이 직원한테 수저 없다고 하니까 옆 테이블에서 꺼내가 라고 함  근데 옆 테이블 손님들 식사 중 임  상식적으로 직원 가져다 줘야 되는 게 맞음 콘치즈가 1시간 지나도 안 나옴 왜 안 나오냐고 하니 까 밑에서 올려 보내줘야 주지 라며 따지고 나서 바로 줌 1시간 뒤에 콘치즈 먹음  코스 메뉴 절대 비추 직 원들이 신경 써서 안가 ,2,2
8779,63.0,배곧 알리스타 케냐커피 본점,방문자 리뷰,머리 묶으신 분이 불친절 음료 뭐 먹을까 고민하다가 주문하려니 가지고 있던 통을 바 위에다가 탕하며 내려둬서 깜짝 놀랐네요  표정까지도 좀 그랬어요  그냥 나가고 싶은 마음까지 들었어요 ,2,2
9019,55.0,배곧 인더비엣 배곧점,방문자 리뷰,검정 머리 직원분 진짜 일하기 싫은 듯 무표정에 음식 갖고 나와도 말 한마디 없이 그냥 툭 놓고 가서 우리 꺼 나온 줄도 몰랐어요  세 번을 테이블에 왔다 갔는데 진짜 말 한마디도 안 해요  계산할 때까지 계속 불친절하게 하더라고요 진짜 오랜만에 영수증 챙겼네요  리뷰 쓰려고 사장님은 직원들 교육을 다시 하셔야겠어요 ,1,2
9260,9.0,배곧 에비야 배곧점,방문자 리뷰,에바야 먹어본 파스타 중에 최악이에 요 스테이크 진짜 이 상한 냄새나서 바로 뱉었습니다  리뷰 무슨 일이 죠 제 발 가지 마세요 ,2,2
9580,90.0,배곧 조개반장,방문자 리뷰,뻥 오짐 무한리필 이래서 갔는데 리필 되는 조개 한 정적이고 돈 추가로 내야 됨  25000원 아님 사이드로 나오는 애들도 그닥 네이버 예약 이벤트도 연휴라고 음료수 하나 줌 걍 무한리필 말고 세트로 먹었는데 조개는 맛있었음 다른데 가세요  조개구이집 많던데 굳이 여기 올 필요 없음  사진은 7만원짜리 세트 ,2,2
9618,128.0,배곧 조개반장,방문자 리뷰,예약해서 갔는데 안내를 해주시거나 준비되어 있기는커녕 자리 치워주시지도 않고 거기 지금 치울 수 없다며 쳐다보시지도 않고 오히 려 피하시더라고요 그럴까면 예약을 왜 받는지 사람 많아 바쁜 건 이해하지만 그래도 손님에 대한 서비스 친절도가 아주 불쾌했네요  그냥 나가려고 하다 일하시는 분들 사장님과 눈 마주쳤는데 죄송하다는 말 한마디는 커녕 오히려 눈 피하고 모른 척 하시네요  절 ,2,2
9680,190.0,배곧 조개반장,방문자 리뷰,내가 리뷰 안 남기는데 여긴 정말 진심 리얼 진짜 맛없음 ,0,2
9706,216.0,배곧 조개반장,방문자 리뷰,조개구이 무한리필집인데 가리비는 리필이 안 되는 게 이해가 안 됩니다  가리비는 조개 아닌가요 아니면 출입구에 가리비 리필 안돼요 라고 적어 놓으세요 소중한 시간 내서 간 건데 기분만 상하네요 ,2,2
9713,223.0,배곧 조개반장,방문자 리뷰,괜찮은데 서빙이 적어요 ,0,2
9730,240.0,배곧 조개반장,방문자 리뷰,술안주로 이만한 게 없네요 예약 햇더니 서비스 받앗 어요  리뷰를 안 쓸 수가 없네요  재방문 의사 잇음 ,0,2
9742,252.0,배곧 조개반장,방문자 리뷰,바지락 칼국수는 정말 맛 없어요  김치도 맛없고 ,2,2
9754,264.0,배곧 조개반장,방문자 리뷰,별 하나도 아깝내 요리뷰 보고 같다가 푸대접에 존심상했내요 1 무한리필이라고 해서 방문했는데 막상 가보니 가격이 틀리 내 요인터넷엔 25000 원이고 매뉴판에 3만원이라고 되어 있내요사기 당한 기분이 내요  종업원분께 가격에 대서 여쭤보니 횡설수설하시면서 25000월짜리조개하고 3만원짜리 조개구이는 틀리다고 하시내요 넘황당한 기분 2무한리필이라고 해놓고 매뉴판엔 연탄불 꺼지면 리필이 안 된다고 명시되어 ,2,2
9779,289.0,배곧 조개반장,방문자 리뷰,리뷰 광고하시나요  전혀 다르던 조개리필 받기 하늘의 별 따기이고 삼십분 만에 작은 거 몇 개 받음  치즈리필 같은 거 없던데 맛도 심각히 없네요  그냥 나옴 진짜 돈 아깝네  직원 분들 뭐 달라 하면 바로 안 줌  바빠서 그러시겠지만 최소 3번은 말씀드려야 줍니다 ,2,2
9785,295.0,배곧 조개반장,방문자 리뷰,빡이 쳐서 리뷰 씁니다 사장님 진심으로 그렇게 장사하시면 안 되요 네이버 예약부터 받지 마세요  다 예약자라고 자리도 없다 하고 진정 왜 받으세요 자리 나서 창가 쪽으로 가도 되냐고 물어보니까 뭐 예약 자리라고 다른 곳 앉으라고 하시는데 왜 예약 받으신 거에 요 저희는 예약자 아닌가요 그냥 선착순으로 받으시는 거 같은데 왕조 개무한 리필 시켰는데 첫 판 빼고 그냥 무슨 바지락 쪼만한 ,2,2
9789,299.0,배곧 조개반장,방문자 리뷰,제발 가지 마세요  주말 방문 1 네이버 예약해도 필요 없습니다  기다려야 하구요  네이버 예약 서비스 주는 거 하나 없습니다  2 리필 겁나 오래 걸립니다  조개 상태 엉망입니다  리필 그냥 세숫대야에 있는 조개 주먹으로 담아서 줍니다 3 조 개 외 반찬 우리집 개 도 안 먹습니다  60000원 버리고 왔구요  제 옆 테이블은 모둠 소 시켰는데 레알 가관이네요  삼십분은 넘어야 나오고 조개구이 ,2,2
9804,314.0,배곧 조개반장,방문자 리뷰,대체 왜 평점이 높은 건가요 광고 엄청 쓰시네요  광고비로 사람 좀 쓰시지  일단 3층으로 올라오기 전 2층 좌석을 봤는데 테이블 간격 1이 상은 전혀 지켜지지 않고 입장 시 체온 측정도 체크인 출입 명부수기 작성조차 시행하지 않으며 착석 후 30분 뒤에 연탄불이 오고 기본 찬처럼 준 라면과 파스타 콘치즈는 불이 없어 치즈를 녹이 지도 못해 30분간 방치하였고 콜라를 달라고 해도 식사시 간동안 주지 않 ,2,2
9810,320.0,배곧 조개반장,방문자 리뷰,리뷰알바생 쓰시는 듯 사진처럼 절대 안 나오고 평일임에도 불구하고 모든 음식이 엄청 느리게 나오고 가게 안은 얼마나 추운지 입김 나 옵니다 조개도 상태 안 좋은 것도 꽤 있어서 버렸습니다  7 테이블 정도 찼는데 아줌  미 혼자 서빙하고 있네요  조개도 무한리필 시키려 했더 니 조개구이 소자 시켜야 조개위에 치즈 올려준다기에 소자 시켰더니 정말 조금 줍니다 저희가 표정이 안 좋았는지 나가면서 1층 에 ,2,2
9815,325.0,배곧 조개반장,방문자 리뷰,제가 갔던 곳 중에서 최악입니다  토요일 사람이 많기는 했지만 직원분 간의 소통이 안 되고 무한리필 조개 첫 판 받는 데까지 25분 걸렸 습니다  조개을 던져주고 알아서 구워라 하는 뉘앙스이며 리필을 요구 해도 직원 간 주문 전달과 회전이 안 되는 모습이 보입니다 코드 체크도 제대로 안하고 밑에서는 손님 받으려고 계속 올리는 데 식당 내는 정리도 안 되는 가성비 최 악의 식당입니다  먹는 내 ,2,2
9834,344.0,배곧 조개반장,방문자 리뷰,리뷰 쓰려고 영수증 챙겼습니다  조개는 무한리필로 주문했구요  1인 25000원 치즈 없음  연탄은 리필이 안 됩니다  꼭 참고하셔야 될 부분이라 생각 들어서 남겼어요  조개 나와서 굽고 있는데 조개 버릴 통이 없길래 요청했더니 옆 테이블에 주더라고요 심지어 옆 테이블은 조개도 안 나왔고 요청하지도 않은 상황인데 말이 죠 그래서 통 얘기를 또 했더니 알고 계신 듯 미소만 지으시고 안 갖다 주셔서 다 ,2,2
9898,408.0,배곧 조개반장,방문자 리뷰,네이버 예약을 하고 갔으나 가게 들어서자마자 손님이 왔는지도 챙기지 않고 자리에 앉아서 30분을 기다렸으나 불판도 안 넣어주는 위생상태도 엉망이 고 친절도도 최하 절대로 다시 가 고 싶지도 않네요 ,2,2
9900,410.0,배곧 조개반장,방문자 리뷰,네이버 예약 서비스도 요청을 해야 줌 ,2,2
9911,421.0,배곧 조개반장,방문자 리뷰,주문 엉망 처음부터 엉망이여서 모든 게 별로였음  20년 식사 중 최악 주차는 편함 ,2,2
9912,422.0,배곧 조개반장,방문자 리뷰,블로그 나름 찾아서 간 건데 무란 리필 되는 조개가 3가지 뿐이라는 데 그것조차 아니고 2개만 줌  1개가 굴 임  여기 갈 빠에 훨씬 유명한 2집 가세요  무조건 ,2,2
9916,426.0,배곧 조개반장,방문자 리뷰,별로 ,2,2
9920,430.0,배곧 조개반장,방문자 리뷰,별 0점을 주고 싶네요  주문을 해도 가져다 주지 않고 45번을 말해야 가져다주시네요  죄송하다는 말도 없고 당연하다는 듯이 대하는 태도는 정말 아닙니다 손님 대접이 꽝이었습니다  정말 62000원 버리고 온 것 같아 요 무한리필 먹으려니까 다른 메뉴 권하시던데 주 변 상권과 너무 다른 퀄리티와 조건입니다  그리고 지난 추석 연휴에 오이도 놀러 온 사람으로써 다녀왔던 1 09 오후 9시는 정말 ,2,2
9923,433.0,배곧 조개반장,방문자 리뷰,맛은 그냥 저냥 먹을 만했어요  바쁘지도 않은 시간대에 직원들 계속 휴대폰 들고 있고 사이다 주문 세 번이나 했는데도 안 가져다주시고 입 구에서부터 직원들에게 예약하고 왔다고 알려드렸는데 다른 직원이 와서 왜 이 제 예약 알려주냐고 되려 핀잔주시더라고요 음식점 방문 해서 처음 받아보는 서비스였어요  매우 엉망입니다  제가 어지간하면 나쁘게 평점 주지 않는데 이런 서비스는 좀 아닌 듯 해요  멀 ,2,2
9925,435.0,배곧 조개반장,방문자 리뷰,무조건 제 리뷰 믿으세요 먼저 가서 2층 창가에 자리잡고 메뉴 고르려는데 자꾸 직원분이 오셔서 조금이라도 더 비싼 거 시키게 옆에서 말 거심 조개찜 우럭 회 매운탕 시켰는데 다 별로입니다  밑에 사진 보시면 아시겠지만 정말 별로니까 가지 마세요  매운탕이랑 같이 밥 2공기 시켰는데 밥이 일주일은 된 것처럼 상태가 정말 별로예요  다시 달라고요청하자 저희가 잘못 한 듯이 ,2,2
9929,439.0,배곧 조개반장,방문자 리뷰,뭐든지 다 느린 곳 다른데 비해서 그닥 좋은 점이 없더고 생각됩니다 ,2,2
9930,440.0,배곧 조개반장,방문자 리뷰,2층 직원분들 서비스는 좋은데 너무 느리고 잘 못 알아들으시는 것 같아요  좀 별로에요 ,2,2
9987,498.0,배곧 조개반장,방문자 리뷰,사장님은 매우 친절하셨지만 치즈 조개 말고는 그냥 그랬어요  나쁘진 않았는데 계속 틈만 나면 리뷰 얘기 하셔서 조금 불편했어요  밤 늦은 시간에 누구지 하고 모르는 전화로 전화가 오길래 저장해봣는데 개인 전화번호로 전화까지 하시네요  소름돋네요  개인정보로 뭐 하자 는 거죠  무서워서 어떻게 예약하죠  고객 정보로 밤 늦게 전화하고 문자로 리뷰지워 달라고 하고 저는 매우 불쾌합니다 ,2,2
9999,510.0,배곧 조개반장,방문자 리뷰,기본 사이드 메뉴 맛이 없음  옆 테이블은 비싼 메뉴 시켜서 그런지 엄청 챙겨주시던데 저희는 고작 무한리필 2인 주문해서 서비스가 별로 인 건가요 소주 달라고 3번이나 말해도 알겠다 하시면서 한 번을 안 갖다주시네요  바쁘셔서 깜빡하셨겠다 싶어서 직접 가 질러 가서 말 씀을 드렸는데도 직접 갖다주신다면서 그냥 돌아오고 또 안 오고 손님 대접 바쁘신 건 알겠지만 자꾸 비싼 메뉴 시킨 옆 테이블 ,2,2
10082,593.0,배곧 조개반장,방문자 리뷰,5명이라 예약해놨는데 4인자리 그것도 이 모님 왔다 갔다 하셔야 하는 걸리적 거리는 자리를 남겨두시는 거 보면 예약이 왜 있는지 모르겠 으며 예약이 큰 의미는 없었던 것 같아 요 무한리필이 작은 조개만 무한으로 리필됐던 거였단 걸 알았다면 가리비만 따로 시켜 먹었을 걸 하는 후회가 되네요 술 마시려고 갔다가 네 명이 두병마신거보면 답 나옵니다 무한리필 비추 칼국수도 조개 비린 맛이 나 구요  주차 ,2,2
10721,31.0,배곧 뽁식당 배곧점,방문자 리뷰,식당은 맛도 맛이지만 위생을 중요시하는 나로써는 재 방문 절대하고 싶지 않은 곳 평소 좋아하는 봉골 레 주문했는데 바지락 해감안되서 씹히기에 두세 개 먹다가 포기 날아다니는 벌레인지 날 파리인지 쫒아가며 겨우 식사함 식전 빵에도 기어다님 비위상했다 계산하는데 사장인지가 식사하며 불편한 점 있었댜기에 말하니까 개선하겠다는데 어쩌지 난 다시 갈일이 식당함부로 안 들어가는데 사정 ,2,2
11536,43.0,배곧 빠레뜨한남 배곧점,방문자 리뷰,진짜 맛없음 너무 달아서 데리야끼 소스 한 통 그냥 마시는 기 분임돈 아깝 ,2,2
11747,38.0,배곧 행복한다이닝 배곧,방문자 리뷰,손님이 와도 메뉴판도 안 주고 물도 안 줘서 한참 기다리다 직접 셀 프로 했네요  죄송 하단 말이 먼저가 아니고 바쁠 때 와서 그런다는데 할 말이 없네요  뭐 음식이 맛있으면 기분 좋지 않은 게 풀리기라도 하지 양도 적 고 너무 별로네요 ,2,2
11826,119.0,배곧 행복한다이닝 배곧,방문자 리뷰,비프챱스테이크와 해물 토마토 스파게티 먹었는데 진짜 별로 16000원짜리 파스타 1인분도 안 되는 가성비와 맛도 니 맛도 내 맛도 아닌 맛 비프는 너무 질기고 비프에 샐러드 드레싱까지 뿌려서 무슨 맛인지도 모르겠고 22000원 치고 고기 양도 너무 적 고 진짜 밥 먹으러 갔다가 다시 딴 거 먹으러 가여 맛이 이렇게 없을 수가 ,2,2
12167,7.0,배곧 천향오 마라탕,방문자 리뷰,여자친구 마라탕에서 머리카락이 나와서 말했더니 그냥 먹으라 하고 결국엔 다시 해준다고 담으래서 담았더니 처음 담아서 결제한 금액보다 700원 정도 더 왔는데 차액을 결제하라 하던 지 맘대로 빼버림  심지어 그냥 빼서 버림  그럴 거면 서비스로 주지 개치사하고 더러워서 안감 ,2,2
12168,8.0,배곧 천향오 마라탕,방문자 리뷰,고기 잡내가 많이 났다 ,2,2
12194,35.0,배곧 천향오 마라탕,방문자 리뷰,그릇에도 먼지 있고 단무지에도 먼지가 붙어 있네요 ,2,2
12272,116.0,배곧 천향오 마라탕,방문자 리뷰,마라탕은 진짜 존 맛이에요  거북한 맛도 없도 재료들도 다양하고 신선해 보였어요  근데 꿔 바로우 고기가 좀 오래됐는지 잡내가 너무 나서 코로 숨 안쉬고 입으로 숨 쉬면서 먹었어요 ,2,2
13312,20.0,배곧 스시노칸도 배곧점,방문자 리뷰,몇 번 왔는데 올 때마다 전복 없다고 못 먹었음  불친절함 주문표에 있는 거 주문하는데 째려 봄 방문 할수록 실망 플러스 기분 상해서 먹다 일어나서 호스 시 로 지리 옮김  최악 ,2,2
13319,27.0,배곧 스시노칸도 배곧점,방문자 리뷰,진짜 배곧 회전초밥집 중 최악임  맛도 없도 서비스도 최하 음식 만드는 직원들 진짜 개불친절함 내 돈 내고 기분 잡치게 초밥 먹고 올 사 람들만 가 셈 주문하면 표 정 구기면서 째려보고 초밥도 찔끔씩 올림 회전초 밥집 가는 이유가 다양하게 먹으려고 가는 건데 레일에 인기 많은 초밥들은 없고 맛 없는 거만 있음  주문하면 눈치 보임 여기 가본 사람들은 무조건 동의할 거임  다른 회전초밥집들은 ,2,2
13320,28.0,배곧 스시노칸도 배곧점,방문자 리뷰,직원도 불친절하고 맛도 진짜 별로에요 시키라고 해서 시켰는데 엄청 눈치줌 오래 걸린다나 뭐라나 ,2,2
13325,33.0,배곧 스시노칸도 배곧점,방문자 리뷰,다른데 가세요  주변에 초밥집 많습니다  처음 방문도 아니고 몇 번째 가는데 갈수록 별로 네요 배달 위주로 영업합니다  주문하면 무슨 담임 선생님한테 꾸지람 듣는 기 분입니다  맛을 떠나서 서비스가 갈수록 나빠집니다  주문하면 안 된다  그리고 알바는 왜 그렇게 잡습니 까 앉아서 먹는데 제가 다 눈치 보이네요 매니저 직급에 안 맞으면 매니저 직급에 맞는 사람을 고용하세요  초짜 고용해서 손님 ,2,2
13370,78.0,배곧 스시노칸도 배곧점,방문자 리뷰,안녕하세 요초밥은 항상 이곳에서 웨이팅 해도 먹는 단골이예요 홍보도 많이 하고 최애 초밥 집이라고 생각 했는데 오늘은 좀 실망 스럽네요  다른 집 하고 굳이 비교는 하고 싶지 않았으나 오늘 아이가 무순을 좋아 해서 조금 더 줄 수 없냐고 하니 딱 잘라 안 된다고 하 는 종업원 거기 없는 것도 아니고 비싼 것도 아니고 아님 한 접시 값을 치룰 테니 주라고 하기도 그렇고 참 사 람 맘이 작은 것에 기분 ,2,2
13398,107.0,배곧 스시노칸도 배곧점,방문자 리뷰,레일에 음식은 없고 없어서 주문하면 오래 걸린다는 소리만 하시고 하나 먹다 10분 기다리고 하나 먹다 10분 기다리고 육회초밥은 꽁꽁 얼어 서 주시면서 얼어 있어요  하시는데 먹으라고 파는 건지 먹지 말고 나가라는 건지 애지간하면 이런 글 안 남기는데 너무 기가 차서 영수증 인증해 서 바로 올리네요  차라리 이 정도 되면 손님을 받지 마세요 ,2,2
13460,170.0,배곧 스시노칸도 배곧점,방문자 리뷰,음식 맛은 좋아요  서비스랑 위생은 글쎄요 직원 한 분이 손 다치신 거 같던데 우왕좌왕하시면서 비닐장갑 낀 손으로 약통 가져오고 또 비 닐장갑 낀 손으로 영수증 다발만 지고 바로 밥을 쥐시더라고요 비닐장갑 끼고 소스통이나 이런 건 괜찮지만 영수증은 진짜 너무 하지 않 나요 초밥 주문했는데 건성으로 대답한 후 직원들끼리 떠드시고 다시 저희한테 뭐 주문했는지 되물으시더라고요 심지어 그전에 주 ,2,2
13524,11.0,배곧 오영김밥,방문자 리뷰,아비뉴 프랑가면 들리는 곳 ,0,2
13617,14.0,배곧 훈이네솥뚜껑삼겹살,방문자 리뷰,별로였어요 ,2,2
13727,124.0,배곧 훈이네솥뚜껑삼겹살,방문자 리뷰,사장님도 친절하다고 하고 맛있다고 소문 났길래 가보니까 다 거품이네요  언 빌리버블 ,2,2
13883,10.0,배곧 카페바이마스,방문자 리뷰,밀크티 핵맛 탱 하루에 한 잔은 먹어야 함  무족권 ,0,2
9507,17.0,배곧 조개반장,방문자 리뷰,비위생적 ,2,0
9755,265.0,배곧 조개반장,방문자 리뷰,지저분해요  맛은 둘째 치고 청소 좀 하세요 ,2,1
9790,300.0,배곧 조개반장,방문자 리뷰,1 코로나 코드 없음  2 주문 후 2030분 뒤 메뉴 등 장 3 리필 벨 4번 눌러서 한 번 받음  4 3만원짜리 시켰는데 조개 1214개 받음  사이즈 매우 작음 조개 리필이라고 하기 좀 그런 리필 한 번 받고 나옴 안 가는 게 쌉이 득 정신건강에 이로움 ,2,1
9899,409.0,배곧 조개반장,방문자 리뷰,평이 좋은 곳은 사람이 많어 여기를 예약 그러나 셋팅도 제대로 안 되고 겨우 한참 뒤 셋팅 그러나 조개 양이 적 고 맛도 별 루 그나마 기 본 셋팅 메뉴인 김치전이 먹을 만해 더 줄 수 있냐고 물어밨으나 오늘 같이 바쁜 날 왜 추가로 시키냐는 말투의 종업원 답변 먹을 것도 없고 그렇다고 이런 곳에서 더 시키기도 싫고 해서 다시 김치 전 물어보니 이제는 원래 추가 비용도 내야 한 다는 종업원 답변 머 이런식 ,2,1
11829,122.0,배곧 행복한다이닝 배곧,방문자 리뷰,너무 별로 였어요  저희가 간 게 대략 8 20분 쯤에 좀 늦게 갔어요  그리고 마감 시간이 10 30분 이였고요 음식을 3개 주문했어요  피자샐 러드스파게티 둘이 처음에 음식 먹고 괜찮네 하고 즐겁게 대화를 하고 있는데 9 30분도 안됬는데 갑자기 여자 사장님 이 오시더니 피 자를 포장해 드릴까요 하시더니 음식도 다 먹지 않았는데 조금 남았어요  그래도 다 먹으 려고 했고요 갑자기 음식이 담김  접시를 ,2,1
12322,3.0,배곧 신복관 배곧점,방문자 리뷰,별루 ,2,0
